Model,Accuracy,Precision,Recall,F1 Score,F2 Score,Training Time (s)
Logistic Regression,0.6651383658097265,0.6628383343115629,0.6651383658097265,0.6620449899763466,0.6634456543370226,0.27095699310302734
Decision Tree,0.9973391190437203,0.9973426860306417,0.9973391190437203,0.9973394793579239,0.9973389214588605,0.10392308235168457
Random Forest,0.9999590633699034,0.9999590671515782,0.9999590633699034,0.9999590635630478,0.9999590630397087,1.9189534187316895
Gradient Boosting,0.9435893237268708,0.9435680410403327,0.9435893237268708,0.9435571138395757,0.9435712725662466,3.179115056991577
Linear SVM,0.6648108727689537,0.6624790438558681,0.6648108727689537,0.6612591092181416,0.6628331784719167,0.24115204811096191
KNN,0.999058457507778,0.9990589652629338,0.999058457507778,0.9990585061928887,0.9990584277274915,0.23527789115905762
Gaussian Naive Bayes,0.6153594236122483,0.6329136839243262,0.6153594236122483,0.6150441844532348,0.613075538485624,0.007410764694213867
MLP Neural Network,0.999263140658261,0.9992632227245557,0.999263140658261,0.9992631545492531,0.9992631397001479,4.187031984329224
Extra Trees,1.0,1.0,1.0,1.0,1.0,1.0114729404449463
