Model,Accuracy,Precision,Recall,F1 Score,F2 Score,Training Time (s)
CNN_Filters_16,0.9977075487145898,0.9977093591442451,0.9977075487145898,0.9977077756809204,0.997707476670035,7.663090944290161
CNN_Filters_32,0.9991812673980678,0.9991812673980678,0.9991812673980678,0.9991812673980678,0.9991812673980678,7.319731950759888
CNN_Filters_64,0.9995906336990339,0.9995907804927777,0.9995906336990339,0.9995906459180985,0.9995906239025842,10.538082122802734
BiLSTM_Units_32,0.9973800556738169,0.9973819304929078,0.9973800556738169,0.9973803150639088,0.997379996653763,50.96519494056702
BiLSTM_Units_64,0.9986081545767153,0.9986081403857068,0.9986081545767153,0.9986081406894725,0.9986081473918528,59.5802321434021
BiLSTM_Units_128,0.9958244637301458,0.9958529375676687,0.9958244637301458,0.9958261999514586,0.9958221540898122,92.23074102401733
ResNet_Dense_32,0.9993450139184542,0.9993455811960312,0.9993450139184542,0.9993450529369542,0.9993449708058055,9.05699610710144
ResNet_Dense_64,0.9990175208776814,0.9990178164088193,0.9990175208776814,0.9990175599511842,0.9990175104176701,4.86345100402832
ResNet_Dense_128,0.9988537743572949,0.9988537743572949,0.9988537743572949,0.9988537743572949,0.9988537743572949,9.758368968963623
