Model,Accuracy,Precision,Recall,F1 Score,F2 Score,Training Time (s)
DNN_Baseline,0.9995906336990339,0.9995907315426258,0.9995906336990339,0.9995906214283888,0.999590614105999,7.833812952041626
DNN_Deep_Regularized,0.997789421974783,0.9977931280161992,0.997789421974783,0.9977897491056645,0.9977891864406767,11.156761169433594
DNN_Wide,0.9996725069592272,0.9996725069592272,0.9996725069592272,0.9996725069592272,0.9996725069592272,7.6844117641448975
CNN_1D,1.0,1.0,1.0,1.0,1.0,18.661426782608032
LSTM,0.9998362534796136,0.9998363143972178,0.9998362534796136,0.9998362567403228,0.9998362482559392,70.45943403244019
GRU,0.9980350417553627,0.998035595598603,0.9980350417553627,0.9980348841407357,0.9980348744475815,42.25212526321411
Bidirectional_LSTM,0.9995906336990339,0.9995906391273007,0.9995906336990339,0.9995906296145508,0.9995906304336247,101.24085140228271
ResNet,0.9997543802194203,0.999754517258539,0.9997543802194203,0.9997543875508591,0.9997543684654449,12.643787145614624
