Model,Accuracy,Precision,Recall,F1 Score,F2 Score,Training Time (s)
DNN_Baseline,0.9990993941378744,0.9990996438402788,0.9990993941378744,0.9990993490824518,0.9990994440783453,6.472541809082031
DNN_Deep_Regularized,0.9979531684951696,0.9979533031096832,0.9979531684951696,0.9979530660964814,0.9979531954180694,11.879655122756958
DNN_Wide,0.9998362534796136,0.9998363013447176,0.9998362534796136,0.9998362502097344,0.999836263052634,7.704918622970581
CNN_1D,1.0,1.0,1.0,1.0,1.0,17.95509123802185
LSTM,0.9984444080563288,0.9984445919942244,0.9984444080563288,0.998444330233326,0.9984444448439024,53.91436004638672
GRU,0.9999181267398068,0.9999181419720412,0.9999181267398068,0.9999181275555572,0.9999181297862537,60.319422006607056
Bidirectional_LSTM,1.0,1.0,1.0,1.0,1.0,136.68260407447815
ResNet,0.9995087604388406,0.999509017006475,0.9995087604388406,0.999508779975592,0.999508811752357,9.598278045654297
