Model,Accuracy,Precision,Recall,F1 Score,F2 Score,Training Time (s)
DNN_Baseline,0.9992222040281644,0.9992222000762024,0.9992222040281644,0.9992222003557103,0.9992222021520354,6.2034947872161865
DNN_Deep_Regularized,0.9973800556738169,0.9973819007345169,0.9973800556738169,0.9973803011645214,0.9973799913319917,7.327593803405762
DNN_Wide,0.9995906336990339,0.999591011552367,0.9995906336990339,0.9995906529492913,0.9995906006706762,6.0589048862457275
CNN_1D,0.9994268871786475,0.9994268871786475,0.9994268871786475,0.9994268871786475,0.9994268871786475,8.669488906860352
LSTM,0.9986490912068119,0.9986493607450233,0.9986490912068119,0.9986490207846523,0.9986490138002596,46.572746992111206
GRU,0.9998362534796136,0.9998362701483592,0.9998362534796136,0.9998362550241983,0.9998362524678491,53.55141019821167
Bidirectional_LSTM,0.9994678238087441,0.9994678221770829,0.9994678238087441,0.9994678212960123,0.9994678223964011,86.37211489677429
ResNet,0.9945144915670542,0.9945176673077516,0.9945144915670542,0.9945151074454763,0.9945145045569154,4.382447242736816
