Model,Accuracy,Precision,Recall,F1 Score,F2 Score,Training Time (s)
Logistic Regression,0.6635827738660554,0.6610323666459771,0.6635827738660554,0.6605210500053791,0.6619392450441774,0.2879190444946289
Decision Tree,0.9977075487145898,0.9977083102598188,0.9977075487145898,0.9977076852793398,0.9977075447194509,0.13122200965881348
Random Forest,1.0,1.0,1.0,1.0,1.0,2.2594919204711914
Gradient Boosting,0.9360569837890945,0.9360797410639495,0.9360569837890945,0.9359717680725496,0.9359998117254199,3.7831368446350098
Linear SVM,0.6635827738660554,0.6609643991547017,0.6635827738660554,0.6600999252177672,0.6616817486456343,0.3756401538848877
KNN,0.9994268871786475,0.9994270437270164,0.9994268871786475,0.9994269042853379,0.9994268793397237,0.1836559772491455
Gaussian Naive Bayes,0.616751269035533,0.6372107810135668,0.616751269035533,0.6162048617294643,0.6139831655730168,0.00988912582397461
MLP Neural Network,0.9996725069592272,0.9996725069592272,0.9996725069592272,0.9996725069592272,0.9996725069592272,5.193681955337524
Extra Trees,1.0,1.0,1.0,1.0,1.0,1.2738308906555176
