Model,Accuracy,Precision,Recall,F1 Score,F2 Score,Training Time (s)
Logistic Regression,0.6635827738660554,0.6610323666459771,0.6635827738660554,0.6605210500053791,0.6619392450441774,0.2914459705352783
Decision Tree,0.9977075487145898,0.9977083102598188,0.9977075487145898,0.9977076852793398,0.9977075447194509,0.1305539608001709
Random Forest,1.0,1.0,1.0,1.0,1.0,2.301069736480713
Gradient Boosting,0.9360569837890945,0.9360797410639495,0.9360569837890945,0.9359717680725496,0.9359998117254199,4.096091270446777
Linear SVM,0.6635827738660554,0.6609643991547017,0.6635827738660554,0.6600999252177672,0.6616817486456343,0.3568079471588135
KNN,0.9994268871786475,0.9994270437270164,0.9994268871786475,0.9994269042853379,0.9994268793397237,0.24765896797180176
Gaussian Naive Bayes,0.616751269035533,0.6372107810135668,0.616751269035533,0.6162048617294643,0.6139831655730168,0.014289140701293945
MLP Neural Network,0.9996725069592272,0.9996725069592272,0.9996725069592272,0.9996725069592272,0.9996725069592272,5.515058279037476
Extra Trees,1.0,1.0,1.0,1.0,1.0,1.2306849956512451
