Model,Accuracy,Precision,Recall,F1 Score,F2 Score,Training Time (s)
DNN_Baseline,0.9989629387042191,0.9989641279995565,0.9989629387042191,0.9989630238397529,0.9989628504434502,7.6766462326049805
DNN_Deep_Regularized,0.9949238578680203,0.9949324886482088,0.9949238578680203,0.9949249053093516,0.9949234920218092,11.765238046646118
DNN_Wide,0.9997816713061514,0.99978170099668,0.9997816713061514,0.9997816740784626,0.9997816695174495,7.173278093338013
CNN_1D,0.9998908356530757,0.9998908356530757,0.9998908356530757,0.9998908356530757,0.9998908356530757,15.622153043746948
LSTM,0.998908356530757,0.9989084083781208,0.998908356530757,0.9989083703923133,0.9989083591803519,45.65497899055481
GRU,0.9993450139184542,0.9993450546874005,0.9993450139184542,0.9993450222353881,0.9993450143489008,71.88453102111816
Bidirectional_LSTM,0.9995087604388406,0.9995088800402285,0.9995087604388406,0.9995087447912899,0.9995087360740877,99.85056400299072
ResNet,0.9986354456634463,0.9986382338595645,0.9986354456634463,0.9986352439704104,0.9986349821777545,7.964613914489746
